Config_ID,State_ID,Agent,Sims,Threads,Chosen_Move_Idx,Oracle_Score,Time_Ms
1,0,Sequential,500,1,44,0.6536,12.5163
1,1,Sequential,500,1,125,0.6842,12.2665
1,2,Sequential,500,1,140,0.5329,13.5805
1,3,Sequential,500,1,46,0.7429,13.0435
1,4,Sequential,500,1,109,0.4912,12.1422
1,5,Sequential,500,1,20,0.5926,12.8617
1,6,Sequential,500,1,26,0.7303,11.5854
1,7,Sequential,500,1,116,0.4000,13.0172
1,8,Sequential,500,1,180,0.3417,11.1976
1,9,Sequential,500,1,30,0.5287,12.9747
2,0,Leaf,500,2,36,0.4837,6.7936
2,1,Leaf,500,2,18,0.4605,6.8212
2,2,Leaf,500,2,89,0.9341,7.0270
2,3,Leaf,500,2,25,0.5286,7.2870
2,4,Leaf,500,2,21,0.3761,8.1380
2,5,Leaf,500,2,21,0.6593,7.2335
2,6,Leaf,500,2,26,0.7303,6.8812
2,7,Leaf,500,2,144,0.4500,7.3503
2,8,Leaf,500,2,18,0.4271,6.8371
2,9,Leaf,500,2,29,0.5096,7.5935
3,0,Leaf,500,4,37,0.6732,4.2211
3,1,Leaf,500,4,23,0.4474,4.8720
3,2,Leaf,500,4,53,0.5210,4.8000
3,3,Leaf,500,4,46,0.7429,3.8789
3,4,Leaf,500,4,29,0.8805,6.2587
3,5,Leaf,500,4,59,0.5556,4.7694
3,6,Leaf,500,4,79,0.5461,3.5381
3,7,Leaf,500,4,22,0.5563,3.9386
3,8,Leaf,500,4,42,0.4774,3.6250
3,9,Leaf,500,4,18,0.5796,3.7309
4,0,Leaf,500,8,35,0.5882,41.7751
4,1,Leaf,500,8,23,0.4474,35.4837
4,2,Leaf,500,8,19,0.4671,13.2676
4,3,Leaf,500,8,20,0.5357,7.4942
4,4,Leaf,500,8,19,0.3407,5.4972
4,5,Leaf,500,8,21,0.6593,9.2318
4,6,Leaf,500,8,26,0.7303,6.3285
4,7,Leaf,500,8,21,0.4625,7.0857
4,8,Leaf,500,8,18,0.4271,7.1373
4,9,Leaf,500,8,19,0.6242,6.8905
5,0,Root,500,2,21,0.5752,8.7422
5,1,Root,500,2,36,0.5987,8.6996
5,2,Root,500,2,112,0.5150,9.4990
5,3,Root,500,2,24,1.0000,9.6405
5,4,Root,500,2,37,0.3407,8.7234
5,5,Root,500,2,104,0.4815,9.4033
5,6,Root,500,2,19,0.6118,8.2521
5,7,Root,500,2,265,0.6062,9.7273
5,8,Root,500,2,49,0.3065,8.2965
5,9,Root,500,2,35,0.4586,9.5721
6,0,Root,500,4,231,0.5229,4.1392
6,1,Root,500,4,30,0.6118,4.1033
6,2,Root,500,4,110,0.4671,4.2514
6,3,Root,500,4,180,0.5214,4.1578
6,4,Root,500,4,222,0.4027,4.0915
6,5,Root,500,4,18,0.4222,4.6571
6,6,Root,500,4,55,0.5395,3.9367
6,7,Root,500,4,128,0.9812,4.5852
6,8,Root,500,4,247,0.4573,3.9331
6,9,Root,500,4,195,0.4395,4.4665
7,0,Root,500,8,40,0.7451,5.3649
7,1,Root,500,8,73,0.6316,5.7835
7,2,Root,500,8,110,0.4671,7.1842
7,3,Root,500,8,247,0.4929,11.7275
7,4,Root,500,8,134,0.3407,14.9488
7,5,Root,500,8,20,0.5926,8.9711
7,6,Root,500,8,48,0.3289,6.8962
7,7,Root,500,8,240,0.5563,12.5471
7,8,Root,500,8,75,0.3065,6.4932
7,9,Root,500,8,96,0.3567,8.0683
8,0,LockFree,500,2,19,0.5359,6.4490
8,1,LockFree,500,2,23,0.4474,6.0129
8,2,LockFree,500,2,30,0.5749,6.5387
8,3,LockFree,500,2,80,0.7214,6.6255
8,4,LockFree,500,2,144,0.4735,6.5595
8,5,LockFree,500,2,23,0.7407,7.4676
8,6,LockFree,500,2,23,0.6974,6.9335
8,7,LockFree,500,2,26,0.5750,7.7465
8,8,LockFree,500,2,41,0.2864,6.9329
8,9,LockFree,500,2,29,0.5096,7.1375
9,0,LockFree,500,4,216,0.6993,4.8891
9,1,LockFree,500,4,30,0.6118,4.8320
9,2,LockFree,500,4,140,0.5329,4.9198
9,3,LockFree,500,4,30,0.6429,4.4546
9,4,LockFree,500,4,29,0.8805,4.3295
9,5,LockFree,500,4,139,0.7333,4.8065
9,6,LockFree,500,4,95,0.4868,4.1991
9,7,LockFree,500,4,46,0.7000,4.8604
9,8,LockFree,500,4,35,0.3618,4.2494
9,9,LockFree,500,4,18,0.5796,4.7211
10,0,LockFree,500,8,63,0.4444,5.0121
10,1,LockFree,500,8,29,0.3816,6.2260
10,2,LockFree,500,8,133,0.4012,6.9547
10,3,LockFree,500,8,43,0.6429,7.3335
10,4,LockFree,500,8,41,0.3894,5.8021
10,5,LockFree,500,8,78,0.6370,8.0999
10,6,LockFree,500,8,26,0.7303,7.0345
10,7,LockFree,500,8,26,0.5750,6.7886
10,8,LockFree,500,8,69,0.3618,6.3129
10,9,LockFree,500,8,26,0.4777,3.6445
11,0,VirtualLoss,500,2,37,0.6732,9.9043
11,1,VirtualLoss,500,2,42,0.5329,7.1568
11,2,VirtualLoss,500,2,142,0.5210,7.4723
11,3,VirtualLoss,500,2,49,0.6429,7.4019
11,4,VirtualLoss,500,2,29,0.8805,7.2568
11,5,VirtualLoss,500,2,94,0.6148,7.7764
11,6,VirtualLoss,500,2,44,0.5000,6.7766
11,7,VirtualLoss,500,2,61,0.5563,7.7317
11,8,VirtualLoss,500,2,197,0.4171,14.5208
11,9,VirtualLoss,500,2,19,0.6242,9.5131
12,0,VirtualLoss,500,4,26,0.6340,4.3601
12,1,VirtualLoss,500,4,25,0.5132,4.4180
12,2,VirtualLoss,500,4,27,0.2754,5.0461
12,3,VirtualLoss,500,4,65,0.6143,4.6178
12,4,VirtualLoss,500,4,25,0.3540,4.6404
12,5,VirtualLoss,500,4,77,0.5556,4.7492
12,6,VirtualLoss,500,4,18,0.4737,4.2023
12,7,VirtualLoss,500,4,62,0.6813,4.9015
12,8,VirtualLoss,500,4,120,0.3819,4.0585
12,9,VirtualLoss,500,4,37,0.5223,4.6497
13,0,VirtualLoss,500,8,52,0.5229,2.6156
13,1,VirtualLoss,500,8,125,0.6842,5.6532
13,2,VirtualLoss,500,8,27,0.2754,5.4203
13,3,VirtualLoss,500,8,26,0.9143,6.0673
13,4,VirtualLoss,500,8,107,0.4513,3.9891
13,5,VirtualLoss,500,8,79,0.5333,2.3377
13,6,VirtualLoss,500,8,40,0.4803,2.7009
13,7,VirtualLoss,500,8,78,0.7125,4.1964
13,8,VirtualLoss,500,8,49,0.3065,2.2125
13,9,VirtualLoss,500,8,250,0.6051,3.8376
14,0,WuUct,500,2,45,0.6928,6.4910
14,1,WuUct,500,2,18,0.4605,6.4674
14,2,WuUct,500,2,117,0.4012,6.1695
14,3,WuUct,500,2,20,0.5357,6.2188
14,4,WuUct,500,2,23,0.3407,6.0620
14,5,WuUct,500,2,37,0.7407,6.3577
14,6,WuUct,500,2,18,0.4737,5.8566
14,7,WuUct,500,2,61,0.5563,6.5301
14,8,WuUct,500,2,25,0.4573,5.9529
14,9,WuUct,500,2,30,0.5287,6.4933
15,0,WuUct,500,4,36,0.4837,3.1360
15,1,WuUct,500,4,18,0.4605,3.2904
15,2,WuUct,500,4,38,0.3892,3.1861
15,3,WuUct,500,4,26,0.9143,3.4268
15,4,WuUct,500,4,188,0.1814,3.3068
15,5,WuUct,500,4,18,0.4222,3.5302
15,6,WuUct,500,4,23,0.6974,3.1575
15,7,WuUct,500,4,66,0.7188,3.5283
15,8,WuUct,500,4,53,0.5176,2.9569
15,9,WuUct,500,4,29,0.5096,3.5318
16,0,WuUct,500,8,70,0.6144,3.8624
16,1,WuUct,500,8,31,0.4079,6.3309
16,2,WuUct,500,8,21,0.4611,6.3432
16,3,WuUct,500,8,22,0.9214,7.3524
16,4,WuUct,500,8,23,0.3407,10.4448
16,5,WuUct,500,8,63,0.6444,3.0282
16,6,WuUct,500,8,19,0.6118,4.1417
16,7,WuUct,500,8,24,0.4688,2.7311
16,8,WuUct,500,8,63,0.3819,3.6406
16,9,WuUct,500,8,21,0.5223,3.3445
17,0,Sequential,1000,1,19,0.5359,24.3749
17,1,Sequential,1000,1,261,0.7895,23.7938
17,2,Sequential,1000,1,208,0.5150,25.3075
17,3,Sequential,1000,1,115,0.7714,25.4917
17,4,Sequential,1000,1,190,0.7611,24.2345
17,5,Sequential,1000,1,229,0.6444,25.1910
17,6,Sequential,1000,1,124,0.7105,24.7815
17,7,Sequential,1000,1,64,0.5750,28.1072
17,8,Sequential,1000,1,227,0.3065,23.2928
17,9,Sequential,1000,1,48,0.4841,25.4966
18,0,Leaf,1000,2,148,0.4183,13.2096
18,1,Leaf,1000,2,266,0.5132,13.0028
18,2,Leaf,1000,2,160,0.5329,13.5843
18,3,Leaf,1000,2,29,0.7214,13.5032
18,4,Leaf,1000,2,61,0.5265,13.8569
18,5,Leaf,1000,2,109,0.9333,13.8003
18,6,Leaf,1000,2,81,0.6908,13.0287
18,7,Leaf,1000,2,223,0.4875,14.2911
18,8,Leaf,1000,2,53,0.5176,13.0416
18,9,Leaf,1000,2,70,0.4522,14.8916
19,0,Leaf,1000,4,40,0.7451,9.7807
19,1,Leaf,1000,4,259,0.7632,8.9142
19,2,Leaf,1000,4,180,0.6587,9.3514
19,3,Leaf,1000,4,22,0.9214,9.5110
19,4,Leaf,1000,4,38,0.5133,9.3703
19,5,Leaf,1000,4,115,0.8148,9.7858
19,6,Leaf,1000,4,35,0.4079,8.9318
19,7,Leaf,1000,4,79,0.6438,9.6507
19,8,Leaf,1000,4,189,0.4874,8.0840
19,9,Leaf,1000,4,35,0.4586,8.0350
20,0,Leaf,1000,8,21,0.5752,113.4262
20,1,Leaf,1000,8,18,0.4605,7.0000
20,2,Leaf,1000,8,19,0.4671,17.4846
20,3,Leaf,1000,8,30,0.6429,10.5748
20,4,Leaf,1000,8,23,0.3407,7.2302
20,5,Leaf,1000,8,23,0.7407,6.3746
20,6,Leaf,1000,8,44,0.5000,12.0068
20,7,Leaf,1000,8,32,0.4813,6.9764
20,8,Leaf,1000,8,42,0.4774,7.6502
20,9,Leaf,1000,8,21,0.5223,9.4938
21,0,Root,1000,2,39,0.4706,16.3284
21,1,Root,1000,2,61,0.4474,15.4398
21,2,Root,1000,2,23,0.5569,14.0527
21,3,Root,1000,2,74,0.6571,12.1892
21,4,Root,1000,2,19,0.3407,11.7712
21,5,Root,1000,2,214,0.8889,13.3414
21,6,Root,1000,2,92,0.5724,11.7669
21,7,Root,1000,2,180,0.3688,13.5463
21,8,Root,1000,2,31,0.6633,11.1062
21,9,Root,1000,2,241,0.1975,13.2686
22,0,Root,1000,4,40,0.7451,8.1411
22,1,Root,1000,4,63,0.5658,8.4503
22,2,Root,1000,4,112,0.5150,8.4806
22,3,Root,1000,4,129,0.8286,8.4484
22,4,Root,1000,4,23,0.3407,8.0622
22,5,Root,1000,4,18,0.4222,7.9934
22,6,Root,1000,4,38,0.6053,5.9690
22,7,Root,1000,4,95,0.5312,6.7111
22,8,Root,1000,4,258,0.4472,5.9673
22,9,Root,1000,4,39,0.5796,6.8388
23,0,Root,1000,8,100,0.4379,8.0094
23,1,Root,1000,8,171,0.5592,9.3694
23,2,Root,1000,8,21,0.4611,13.4302
23,3,Root,1000,8,94,0.8500,11.8223
23,4,Root,1000,8,163,0.3761,13.5863
23,5,Root,1000,8,144,0.6444,10.8142
23,6,Root,1000,8,262,0.5658,12.1685
23,7,Root,1000,8,78,0.7125,12.8488
23,8,Root,1000,8,95,0.4472,11.2866
23,9,Root,1000,8,64,0.5287,12.4061
24,0,LockFree,1000,2,122,0.6405,11.3263
24,1,LockFree,1000,2,144,0.4671,13.9124
24,2,LockFree,1000,2,138,0.4251,13.3559
24,3,LockFree,1000,2,94,0.8500,12.4379
24,4,LockFree,1000,2,38,0.5133,12.1261
24,5,LockFree,1000,2,199,0.5037,12.6877
24,6,LockFree,1000,2,57,0.6053,11.6762
24,7,LockFree,1000,2,64,0.5750,14.3975
24,8,LockFree,1000,2,137,0.7588,12.4291
24,9,LockFree,1000,2,125,0.4076,13.4662
25,0,LockFree,1000,4,44,0.6536,8.2425
25,1,LockFree,1000,4,192,0.5395,8.5156
25,2,LockFree,1000,4,142,0.5210,8.4903
25,3,LockFree,1000,4,261,0.5857,8.5620
25,4,LockFree,1000,4,130,0.4336,8.2892
25,5,LockFree,1000,4,106,0.7852,8.8514
25,6,LockFree,1000,4,40,0.4803,8.0443
25,7,LockFree,1000,4,217,0.5312,9.1108
25,8,LockFree,1000,4,124,0.6935,7.8632
25,9,LockFree,1000,4,65,0.6497,8.9353
26,0,LockFree,1000,8,45,0.6928,6.8831
26,1,LockFree,1000,8,72,0.4737,7.3636
26,2,LockFree,1000,8,256,0.6467,6.9971
26,3,LockFree,1000,8,24,1.0000,10.4506
26,4,LockFree,1000,8,72,0.2876,12.4088
26,5,LockFree,1000,8,90,0.6667,11.4173
26,6,LockFree,1000,8,81,0.6908,7.6117
26,7,LockFree,1000,8,130,0.6750,10.2681
26,8,LockFree,1000,8,24,0.3719,7.1176
26,9,LockFree,1000,8,62,0.8726,8.7102
27,0,VirtualLoss,1000,2,49,0.6340,11.5824
27,1,VirtualLoss,1000,2,114,0.7895,12.0975
27,2,VirtualLoss,1000,2,145,0.7605,12.9294
27,3,VirtualLoss,1000,2,25,0.5286,12.3728
27,4,VirtualLoss,1000,2,29,0.8805,12.9987
27,5,VirtualLoss,1000,2,21,0.6593,13.4773
27,6,VirtualLoss,1000,2,27,0.7039,11.9094
27,7,VirtualLoss,1000,2,132,0.8875,13.2799
27,8,VirtualLoss,1000,2,69,0.3618,11.1827
27,9,VirtualLoss,1000,2,21,0.5223,12.8755
28,0,VirtualLoss,1000,4,19,0.5359,8.7829
28,1,VirtualLoss,1000,4,54,0.6842,8.4311
28,2,VirtualLoss,1000,4,24,0.4371,8.9602
28,3,VirtualLoss,1000,4,78,0.5429,9.0757
28,4,VirtualLoss,1000,4,29,0.8805,8.5679
28,5,VirtualLoss,1000,4,38,0.8296,9.3886
28,6,VirtualLoss,1000,4,69,0.6776,8.6500
28,7,VirtualLoss,1000,4,148,0.4625,10.0401
28,8,VirtualLoss,1000,4,79,1.0000,8.0242
28,9,VirtualLoss,1000,4,59,0.6242,9.2793
29,0,VirtualLoss,1000,8,61,0.5294,7.5103
29,1,VirtualLoss,1000,8,42,0.5329,11.3672
29,2,VirtualLoss,1000,8,161,0.5329,6.5125
29,3,VirtualLoss,1000,8,162,0.5786,6.0444
29,4,VirtualLoss,1000,8,92,0.3053,6.0749
29,5,VirtualLoss,1000,8,79,0.5333,7.2572
29,6,VirtualLoss,1000,8,228,0.5395,4.3092
29,7,VirtualLoss,1000,8,145,1.0000,6.0285
29,8,VirtualLoss,1000,8,74,0.6080,6.8963
29,9,VirtualLoss,1000,8,90,0.5223,6.8006
30,0,WuUct,1000,2,48,0.5752,11.8217
30,1,WuUct,1000,2,133,0.5132,12.3590
30,2,WuUct,1000,2,140,0.5329,12.5305
30,3,WuUct,1000,2,127,0.6000,13.4884
30,4,WuUct,1000,2,43,0.4735,12.5131
30,5,WuUct,1000,2,246,0.4519,12.8240
30,6,WuUct,1000,2,19,0.6118,11.6960
30,7,WuUct,1000,2,177,0.7500,13.1675
30,8,WuUct,1000,2,247,0.4573,11.7809
30,9,WuUct,1000,2,81,0.4140,13.3338
31,0,WuUct,1000,4,49,0.6340,7.1882
31,1,WuUct,1000,4,266,0.5132,7.1738
31,2,WuUct,1000,4,27,0.2754,7.5376
31,3,WuUct,1000,4,31,0.6643,7.8012
31,4,WuUct,1000,4,190,0.7611,7.7441
31,5,WuUct,1000,4,59,0.5556,7.5924
31,6,WuUct,1000,4,160,0.7632,6.9602
31,7,WuUct,1000,4,64,0.5750,7.8193
31,8,WuUct,1000,4,226,0.3819,7.0908
31,9,WuUct,1000,4,57,0.5987,8.0480
32,0,WuUct,1000,8,42,0.4379,16.0310
32,1,WuUct,1000,8,90,0.7632,9.9946
32,2,WuUct,1000,8,213,0.2874,9.9889
32,3,WuUct,1000,8,124,0.4214,8.2346
32,4,WuUct,1000,8,60,0.3186,5.9703
32,5,WuUct,1000,8,106,0.7852,4.9187
32,6,WuUct,1000,8,76,0.7237,5.0918
32,7,WuUct,1000,8,69,0.3750,7.6953
32,8,WuUct,1000,8,200,0.4673,4.7350
32,9,WuUct,1000,8,176,0.4968,7.1560
33,0,Sequential,2000,1,37,0.6732,46.0795
33,1,Sequential,2000,1,143,0.8553,46.8310
33,2,Sequential,2000,1,81,0.6048,49.1939
33,3,Sequential,2000,1,114,0.4286,49.5063
33,4,Sequential,2000,1,127,1.0000,46.6637
33,5,Sequential,2000,1,205,0.5926,49.6375
33,6,Sequential,2000,1,91,0.4868,45.5569
33,7,Sequential,2000,1,205,0.7375,53.8935
33,8,Sequential,2000,1,93,0.3719,45.8317
33,9,Sequential,2000,1,103,0.4268,50.2310
34,0,Leaf,2000,2,142,0.8562,26.3018
34,1,Leaf,2000,2,29,0.3816,26.3289
34,2,Leaf,2000,2,128,0.5868,28.5543
34,3,Leaf,2000,2,97,0.4571,26.6683
34,4,Leaf,2000,2,127,1.0000,27.5678
34,5,Leaf,2000,2,144,0.6444,29.2938
34,6,Leaf,2000,2,160,0.7632,26.0334
34,7,Leaf,2000,2,62,0.6813,28.9477
34,8,Leaf,2000,2,79,1.0000,27.5869
34,9,Leaf,2000,2,176,0.4968,27.9122
35,0,Leaf,2000,4,227,0.5621,14.4219
35,1,Leaf,2000,4,128,0.7500,14.0456
35,2,Leaf,2000,4,139,0.5868,14.6423
35,3,Leaf,2000,4,43,0.6429,14.9738
35,4,Leaf,2000,4,127,1.0000,16.0882
35,5,Leaf,2000,4,56,0.6148,15.8787
35,6,Leaf,2000,4,246,0.4079,15.0450
35,7,Leaf,2000,4,53,0.4875,15.1797
35,8,Leaf,2000,4,43,0.3719,14.6264
35,9,Leaf,2000,4,160,0.9045,15.9751
36,0,Leaf,2000,8,40,0.7451,34.8621
36,1,Leaf,2000,8,224,0.4079,31.0255
36,2,Leaf,2000,8,19,0.4671,63.5659
36,3,Leaf,2000,8,37,0.6571,96.5885
36,4,Leaf,2000,8,19,0.3407,24.2660
36,5,Leaf,2000,8,21,0.6593,34.4921
36,6,Leaf,2000,8,32,0.6118,20.5773
36,7,Leaf,2000,8,240,0.5563,17.6509
36,8,Leaf,2000,8,190,0.5377,17.6243
36,9,Leaf,2000,8,30,0.5287,43.4405
37,0,Root,2000,2,108,0.6144,24.8409
37,1,Root,2000,2,44,0.4737,25.9215
37,2,Root,2000,2,27,0.2754,25.7542
37,3,Root,2000,2,208,0.5786,25.4472
37,4,Root,2000,2,240,0.2965,24.5442
37,5,Root,2000,2,144,0.6444,26.0029
37,6,Root,2000,2,228,0.5395,23.4477
37,7,Root,2000,2,132,0.8875,27.9362
37,8,Root,2000,2,214,0.5075,24.9413
37,9,Root,2000,2,162,0.9936,26.3446
38,0,Root,2000,4,188,0.5686,12.1169
38,1,Root,2000,4,194,0.4211,12.4812
38,2,Root,2000,4,44,0.5988,12.5115
38,3,Root,2000,4,94,0.8500,12.6455
38,4,Root,2000,4,127,1.0000,12.1076
38,5,Root,2000,4,175,0.7185,12.8636
38,6,Root,2000,4,210,1.0000,13.2144
38,7,Root,2000,4,66,0.7188,15.5093
38,8,Root,2000,4,79,1.0000,13.2301
38,9,Root,2000,4,176,0.4968,17.9222
39,0,Root,2000,8,131,0.7451,13.3946
39,1,Root,2000,8,229,0.5329,10.0870
39,2,Root,2000,8,145,0.7605,14.3444
39,3,Root,2000,8,206,0.7143,17.2757
39,4,Root,2000,8,49,0.2478,10.2155
39,5,Root,2000,8,23,0.7407,13.0395
39,6,Root,2000,8,77,0.4737,12.1468
39,7,Root,2000,8,54,0.4313,13.2840
39,8,Root,2000,8,206,0.3065,12.9409
39,9,Root,2000,8,48,0.4841,16.0049
40,0,LockFree,2000,2,115,0.7451,22.5498
40,1,LockFree,2000,2,258,0.6579,25.6523
40,2,LockFree,2000,2,69,0.3713,28.4691
40,3,LockFree,2000,2,185,0.7571,29.2777
40,4,LockFree,2000,2,233,0.3540,32.5092
40,5,LockFree,2000,2,63,0.6444,28.6101
40,6,LockFree,2000,2,180,0.4737,24.9969
40,7,LockFree,2000,2,217,0.5312,28.4585
40,8,LockFree,2000,2,173,0.6080,25.2208
40,9,LockFree,2000,2,213,0.5924,27.1982
41,0,LockFree,2000,4,145,0.4379,11.7912
41,1,LockFree,2000,4,138,0.6513,12.3604
41,2,LockFree,2000,4,208,0.5150,13.7970
41,3,LockFree,2000,4,138,0.5214,14.1421
41,4,LockFree,2000,4,125,0.1858,12.4687
41,5,LockFree,2000,4,38,0.8296,13.0304
41,6,LockFree,2000,4,206,0.4934,11.9948
41,7,LockFree,2000,4,256,0.6937,13.5206
41,8,LockFree,2000,4,103,0.3618,12.1322
41,9,LockFree,2000,4,74,0.4841,14.0347
42,0,LockFree,2000,8,44,0.6536,9.7581
42,1,LockFree,2000,8,178,0.6250,11.9138
42,2,LockFree,2000,8,207,0.3892,13.6504
42,3,LockFree,2000,8,126,0.7357,11.8294
42,4,LockFree,2000,8,29,0.8805,9.7144
42,5,LockFree,2000,8,47,0.6889,13.0809
42,6,LockFree,2000,8,199,0.9737,10.0397
42,7,LockFree,2000,8,86,0.5375,12.9358
42,8,LockFree,2000,8,95,0.4472,11.8665
42,9,LockFree,2000,8,108,0.5223,19.4345
43,0,VirtualLoss,2000,2,40,0.7451,26.1468
43,1,VirtualLoss,2000,2,73,0.6316,25.4954
43,2,VirtualLoss,2000,2,133,0.4012,29.3385
43,3,VirtualLoss,2000,2,251,0.7357,27.6887
43,4,VirtualLoss,2000,2,29,0.8805,24.8479
43,5,VirtualLoss,2000,2,94,0.6148,26.5400
43,6,VirtualLoss,2000,2,160,0.7632,24.8590
43,7,VirtualLoss,2000,2,46,0.7000,28.1228
43,8,VirtualLoss,2000,2,57,0.5377,22.9199
43,9,VirtualLoss,2000,2,62,0.8726,26.5089
44,0,VirtualLoss,2000,4,99,0.5359,16.7321
44,1,VirtualLoss,2000,4,64,0.6579,17.3356
44,2,VirtualLoss,2000,4,100,0.6766,18.0245
44,3,VirtualLoss,2000,4,53,0.7500,16.3517
44,4,VirtualLoss,2000,4,127,1.0000,12.4872
44,5,VirtualLoss,2000,4,79,0.5333,13.5044
44,6,VirtualLoss,2000,4,38,0.6053,12.5125
44,7,VirtualLoss,2000,4,64,0.5750,14.5308
44,8,VirtualLoss,2000,4,107,0.4472,11.9505
44,9,VirtualLoss,2000,4,195,0.4395,13.5744
45,0,VirtualLoss,2000,8,35,0.5882,13.7266
45,1,VirtualLoss,2000,8,164,1.0000,12.7022
45,2,VirtualLoss,2000,8,173,0.6707,15.3608
45,3,VirtualLoss,2000,8,94,0.8500,13.1902
45,4,VirtualLoss,2000,8,29,0.8805,12.8305
45,5,VirtualLoss,2000,8,47,0.6889,15.2148
45,6,VirtualLoss,2000,8,117,0.5592,15.1920
45,7,VirtualLoss,2000,8,79,0.6438,13.6055
45,8,VirtualLoss,2000,8,69,0.3618,10.0671
45,9,VirtualLoss,2000,8,95,0.6306,12.6984
46,0,WuUct,2000,2,100,0.4379,23.3183
46,1,WuUct,2000,2,247,0.6118,24.1188
46,2,WuUct,2000,2,110,0.4671,25.0653
46,3,WuUct,2000,2,162,0.5786,25.5110
46,4,WuUct,2000,2,41,0.3894,24.7731
46,5,WuUct,2000,2,109,0.9333,26.9079
46,6,WuUct,2000,2,55,0.5395,23.3718
46,7,WuUct,2000,2,148,0.4625,26.7865
46,8,WuUct,2000,2,95,0.4472,22.9318
46,9,WuUct,2000,2,156,0.4140,25.6519
47,0,WuUct,2000,4,128,0.5033,13.2583
47,1,WuUct,2000,4,166,0.3487,11.8952
47,2,WuUct,2000,4,89,0.9341,12.0656
47,3,WuUct,2000,4,164,0.7071,12.5744
47,4,WuUct,2000,4,25,0.3540,12.1458
47,5,WuUct,2000,4,205,0.5926,12.9635
47,6,WuUct,2000,4,44,0.5000,11.8033
47,7,WuUct,2000,4,244,0.5875,14.0346
47,8,WuUct,2000,4,45,0.5075,11.4944
47,9,WuUct,2000,4,126,0.7580,12.7520
48,0,WuUct,2000,8,37,0.6732,15.5324
48,1,WuUct,2000,8,223,0.5395,19.0078
48,2,WuUct,2000,8,32,0.3892,14.5441
48,3,WuUct,2000,8,126,0.7357,10.4405
48,4,WuUct,2000,8,127,1.0000,9.8459
48,5,WuUct,2000,8,177,0.5333,10.2053
48,6,WuUct,2000,8,88,0.5724,11.0138
48,7,WuUct,2000,8,30,0.3375,13.1236
48,8,WuUct,2000,8,222,0.4472,9.7065
48,9,WuUct,2000,8,177,0.2930,11.1923
